{"cameraMode":{"drawMode":0,"name":"Shaded","section":"Shading Mode"},"sceneLighting":false,"audioPlay":false,"sceneViewState":{"m_AlwaysRefresh":false,"showFog":true,"showSkybox":false,"showFlares":true,"showImageEffects":true,"showParticleSystems":true,"showVisualEffectGraphs":true,"m_FxEnabled":true},"in2DMode":false,"pivot":{"x":-5.468446254730225,"y":5.139749050140381,"z":-124.6976318359375},"rotation":{"x":-0.2072940319776535,"y":-0.0038181000854820015,"z":0.0008090303163044155,"w":-0.9782710671424866},"size":1.250809669494629,"orthographic":false}