{"cameraMode":{"drawMode":0,"name":"Shaded","section":"Shading Mode"},"sceneLighting":false,"audioPlay":false,"sceneViewState":{"m_AlwaysRefresh":false,"showFog":true,"showSkybox":false,"showFlares":true,"showImageEffects":true,"showParticleSystems":true,"showVisualEffectGraphs":true,"m_FxEnabled":true},"in2DMode":false,"pivot":{"x":-3.3775711059570314,"y":-2.852482795715332,"z":-109.99972534179688},"rotation":{"x":0.0271025151014328,"y":-0.0035925975535064937,"z":-0.0004920557257719338,"w":0.999542236328125},"size":1.2508095502853394,"orthographic":false}