{"cameraMode":{"drawMode":0,"name":"Shaded","section":"Shading Mode"},"sceneLighting":false,"audioPlay":false,"sceneViewState":{"m_AlwaysRefresh":false,"showFog":true,"showSkybox":false,"showFlares":true,"showImageEffects":true,"showParticleSystems":true,"showVisualEffectGraphs":true,"m_FxEnabled":true},"in2DMode":false,"pivot":{"x":-5.330935478210449,"y":4.353878498077393,"z":-123.95127868652344},"rotation":{"x":0.00910673663020134,"y":-0.0020838130731135608,"z":-0.0006288232398219407,"w":0.999869704246521},"size":1.2508095502853394,"orthographic":false}